{
	"info": {
		"_postman_id": "e0793f7b-826f-46a5-8818-130c26d0c9e7",
		"name": "Laboratorio 2",
		"schema": "https://schema.getpostman.com/json/collection/v2.1.0/collection.json",
		"_exporter_id": "37956977"
	},
	"item": [
		{
			"name": "Course",
			"item": [
				{
					"name": "AgregarCurso",
					"request": {
						"method": "POST",
						"header": [],
						"body": {
							"mode": "urlencoded",
							"urlencoded": [
								{
									"key": "name",
									"value": "Fisica",
									"type": "text"
								},
								{
									"key": "hour",
									"value": "1:00",
									"type": "text"
								}
							]
						},
						"url": {
							"raw": "localhost:2636/addCourse",
							"host": [
								"localhost"
							],
							"port": "2636",
							"path": [
								"addCourse"
							]
						}
					},
					"response": []
				}
			]
		},
		{
			"name": "Student",
			"item": [
				{
					"name": "Agregar Estudiante",
					"request": {
						"method": "POST",
						"header": [],
						"body": {
							"mode": "urlencoded",
							"urlencoded": [
								{
									"key": "name",
									"value": "Dylan",
									"type": "text"
								},
								{
									"key": "surname",
									"value": "Emanuel",
									"type": "text"
								},
								{
									"key": "username",
									"value": "5dylan",
									"type": "text"
								},
								{
									"key": "email",
									"value": "dilandy@gmail.com",
									"type": "text"
								},
								{
									"key": "password",
									"value": "123123Aa!",
									"type": "text"
								},
								{
									"key": "course",
									"value": "67a950db96a126fd3d12d676",
									"type": "text"
								},
								{
									"key": "course",
									"value": "67a950c296a126fd3d12d673",
									"type": "text"
								},
								{
									"key": "course",
									"value": "67a95268a334d13ddb222678",
									"type": "text"
								}
							]
						},
						"url": {
							"raw": "localhost:2636/addStudent",
							"host": [
								"localhost"
							],
							"port": "2636",
							"path": [
								"addStudent"
							]
						}
					},
					"response": []
				},
				{
					"name": "Login",
					"request": {
						"method": "POST",
						"header": [],
						"body": {
							"mode": "urlencoded",
							"urlencoded": [
								{
									"key": "userLoggin",
									"value": "1dylan",
									"type": "text"
								},
								{
									"key": "password",
									"value": "123123Aa!",
									"type": "text"
								}
							]
						},
						"url": {
							"raw": "localhost:2636/login",
							"host": [
								"localhost"
							],
							"port": "2636",
							"path": [
								"login"
							]
						}
					},
					"response": []
				},
				{
					"name": "Mostrar Mis Cursos",
					"request": {
						"method": "GET",
						"header": [
							{
								"key": "Authorization",
								"value": "eyJhbGciOiJIUzI1NiIsInR5cCI6IkpXVCJ9.eyJpZCI6IjY3YTk1OGM0NzA5ODViOWRmYzQwMDNkNSIsInVzZXJuYW1lIjoiMWR5bGFuIiwibmFtZSI6IkR5bGFuIiwicm9sZSI6IlNUVURFTlRfUk9MRSIsImlhdCI6MTczOTE1MjY3NSwiZXhwIjoxNzM5MTYzNDc1fQ.kc8xVLujAfF7cqVdkj3l-gZjrUlJTd7JT4l4f_sfmCE",
								"type": "text"
							}
						],
						"url": {
							"raw": "localhost:2636/get/67a95b2940df35f5b533f30f",
							"host": [
								"localhost"
							],
							"port": "2636",
							"path": [
								"get",
								"67a95b2940df35f5b533f30f"
							]
						}
					},
					"response": []
				},
				{
					"name": "Actualizar",
					"request": {
						"method": "PUT",
						"header": [
							{
								"key": "Authorization",
								"value": "eyJhbGciOiJIUzI1NiIsInR5cCI6IkpXVCJ9.eyJpZCI6IjY3YTk1OGM0NzA5ODViOWRmYzQwMDNkNSIsInVzZXJuYW1lIjoiMWR5bGFuIiwibmFtZSI6IkR5bGFuIiwicm9sZSI6IlNUVURFTlRfUk9MRSIsImlhdCI6MTczOTE1MjY3NSwiZXhwIjoxNzM5MTYzNDc1fQ.kc8xVLujAfF7cqVdkj3l-gZjrUlJTd7JT4l4f_sfmCE",
								"type": "text"
							}
						],
						"body": {
							"mode": "urlencoded",
							"urlencoded": [
								{
									"key": "name",
									"value": "2pack",
									"type": "text"
								}
							]
						},
						"url": {
							"raw": "localhost:2636/update/67a958c470985b9dfc4003d5",
							"host": [
								"localhost"
							],
							"port": "2636",
							"path": [
								"update",
								"67a958c470985b9dfc4003d5"
							]
						}
					},
					"response": []
				},
				{
					"name": "Eliminar",
					"request": {
						"auth": {
							"type": "noauth"
						},
						"method": "DELETE",
						"header": [
							{
								"key": "Authorization",
								"value": "eyJhbGciOiJIUzI1NiIsInR5cCI6IkpXVCJ9.eyJpZCI6IjY3YTk1OGM0NzA5ODViOWRmYzQwMDNkNSIsInVzZXJuYW1lIjoiMWR5bGFuIiwibmFtZSI6IkR5bGFuIiwicm9sZSI6IlNUVURFTlRfUk9MRSIsImlhdCI6MTczOTE1MjY3NSwiZXhwIjoxNzM5MTYzNDc1fQ.kc8xVLujAfF7cqVdkj3l-gZjrUlJTd7JT4l4f_sfmCE",
								"type": "text"
							}
						],
						"body": {
							"mode": "urlencoded",
							"urlencoded": []
						},
						"url": {
							"raw": "localhost:2636/delete/67a9628b74382774635abfc7",
							"host": [
								"localhost"
							],
							"port": "2636",
							"path": [
								"delete",
								"67a9628b74382774635abfc7"
							]
						}
					},
					"response": []
				}
			]
		},
		{
			"name": "Teacher",
			"item": [
				{
					"name": "Agregar Maestro",
					"request": {
						"method": "POST",
						"header": [],
						"body": {
							"mode": "urlencoded",
							"urlencoded": [
								{
									"key": "name",
									"value": "Armas",
									"type": "text"
								},
								{
									"key": "surname",
									"value": "Chang",
									"type": "text"
								},
								{
									"key": "username",
									"value": "parmas",
									"type": "text"
								},
								{
									"key": "email",
									"value": "parmas@gmail.com",
									"type": "text"
								},
								{
									"key": "password",
									"value": "123123Aa!",
									"type": "text"
								},
								{
									"key": "course",
									"value": "67a950c296a126fd3d12d673",
									"type": "text"
								}
							]
						},
						"url": {
							"raw": "localhost:2636/addTeacher",
							"host": [
								"localhost"
							],
							"port": "2636",
							"path": [
								"addTeacher"
							]
						}
					},
					"response": []
				},
				{
					"name": "Login Maestro",
					"request": {
						"auth": {
							"type": "noauth"
						},
						"method": "POST",
						"header": [],
						"body": {
							"mode": "urlencoded",
							"urlencoded": [
								{
									"key": "teacherLoggin",
									"value": "parmas",
									"type": "text"
								},
								{
									"key": "password",
									"value": "123123Aa!",
									"type": "text"
								}
							]
						},
						"url": {
							"raw": "localhost:2636/loginT",
							"host": [
								"localhost"
							],
							"port": "2636",
							"path": [
								"loginT"
							]
						}
					},
					"response": []
				},
				{
					"name": "Mostrar Cursos",
					"request": {
						"method": "GET",
						"header": [
							{
								"key": "Authorization",
								"value": "eyJhbGciOiJIUzI1NiIsInR5cCI6IkpXVCJ9.eyJpZCI6IjY3YTk3MGFjOWVhZDAxYjU3ZmJmMDg2NiIsInVzZXJuYW1lIjoicGFybWFzIiwibmFtZSI6IkFybWFzIiwicm9sZSI6IlRFQUNIRVJfUk9MRSIsImlhdCI6MTczOTE1ODI2OSwiZXhwIjoxNzM5MTY5MDY5fQ.yOHaPSFT5zM17_T9xhCxVrCMVfFop9VZGcXNDdPxeCo",
								"type": "text"
							}
						],
						"url": {
							"raw": "localhost:2636/getTeacher/67a970ac9ead01b57fbf0866",
							"host": [
								"localhost"
							],
							"port": "2636",
							"path": [
								"getTeacher",
								"67a970ac9ead01b57fbf0866"
							]
						}
					},
					"response": []
				},
				{
					"name": "Actualizar",
					"request": {
						"method": "PUT",
						"header": [
							{
								"key": "Authorization",
								"value": "eyJhbGciOiJIUzI1NiIsInR5cCI6IkpXVCJ9.eyJpZCI6IjY3YTk3MGFjOWVhZDAxYjU3ZmJmMDg2NiIsInVzZXJuYW1lIjoicGFybWFzIiwibmFtZSI6IkFybWFzIiwicm9sZSI6IlRFQUNIRVJfUk9MRSIsImlhdCI6MTczOTE1ODI2OSwiZXhwIjoxNzM5MTY5MDY5fQ.yOHaPSFT5zM17_T9xhCxVrCMVfFop9VZGcXNDdPxeCo",
								"type": "text"
							}
						],
						"body": {
							"mode": "urlencoded",
							"urlencoded": [
								{
									"key": "name",
									"value": "Pedro Armas",
									"type": "text"
								}
							]
						},
						"url": {
							"raw": "localhost:2636/updateTeacher/67a970ac9ead01b57fbf0866",
							"host": [
								"localhost"
							],
							"port": "2636",
							"path": [
								"updateTeacher",
								"67a970ac9ead01b57fbf0866"
							]
						}
					},
					"response": []
				},
				{
					"name": "Eliminar",
					"request": {
						"auth": {
							"type": "noauth"
						},
						"method": "DELETE",
						"header": [
							{
								"key": "Authorization",
								"value": "eyJhbGciOiJIUzI1NiIsInR5cCI6IkpXVCJ9.eyJpZCI6IjY3YTk3MGFjOWVhZDAxYjU3ZmJmMDg2NiIsInVzZXJuYW1lIjoicGFybWFzIiwibmFtZSI6IkFybWFzIiwicm9sZSI6IlRFQUNIRVJfUk9MRSIsImlhdCI6MTczOTE1ODI2OSwiZXhwIjoxNzM5MTY5MDY5fQ.yOHaPSFT5zM17_T9xhCxVrCMVfFop9VZGcXNDdPxeCo",
								"type": "text"
							}
						],
						"url": {
							"raw": "localhost:2636/deleteTeacher/67a970ac9ead01b57fbf0866",
							"host": [
								"localhost"
							],
							"port": "2636",
							"path": [
								"deleteTeacher",
								"67a970ac9ead01b57fbf0866"
							]
						}
					},
					"response": []
				}
			]
		}
	]
}